timestamp, temperature.gpu, clocks.current.sm [MHz], power.draw [W], utilization.gpu [%], memory.used [MiB]
2026/09/19 10:29:19.333, 45, 405 MHz, 18.46 W, 45 %, 1084 MiB
2026/09/19 10:29:20.347, 46, 2625 MHz, 31.86 W, 5 %, 2390 MiB
2026/09/19 10:29:21.347, 46, 2625 MHz, 43.15 W, 21 %, 4522 MiB
2026/09/19 10:29:22.347, 46, 2625 MHz, 42.94 W, 23 %, 6646 MiB
2026/09/19 10:29:23.347, 46, 2625 MHz, 42.74 W, 23 %, 9632 MiB
2026/09/19 10:29:24.347, 62, 2850 MHz, 155.89 W, 100 %, 9632 MiB
2026/09/19 10:29:25.347, 64, 2835 MHz, 250.73 W, 100 %, 9632 MiB
2026/09/19 10:29:26.348, 65, 2835 MHz, 251.67 W, 100 %, 9632 MiB
2026/09/19 10:29:27.348, 65, 2835 MHz, 238.60 W, 100 %, 9632 MiB
2026/09/19 10:29:28.348, 66, 2835 MHz, 253.04 W, 100 %, 9632 MiB
2026/09/19 10:29:29.348, 66, 2835 MHz, 252.31 W, 100 %, 9632 MiB
2026/09/19 10:29:30.348, 64, 2835 MHz, 237.83 W, 100 %, 9632 MiB
2026/09/19 10:29:31.348, 67, 2835 MHz, 254.04 W, 100 %, 9632 MiB
2026/09/19 10:29:32.348, 67, 2835 MHz, 253.83 W, 100 %, 9632 MiB
2026/09/19 10:29:33.349, 63, 2835 MHz, 245.45 W, 99 %, 9632 MiB
2026/09/19 10:29:34.349, 67, 2835 MHz, 241.56 W, 100 %, 9632 MiB
2026/09/19 10:29:35.349, 68, 2835 MHz, 253.94 W, 100 %, 9632 MiB
2026/09/19 10:29:36.349, 67, 2820 MHz, 252.50 W, 100 %, 9632 MiB
2026/09/19 10:29:37.349, 68, 2835 MHz, 240.68 W, 100 %, 9632 MiB
2026/09/19 10:29:38.349, 68, 2835 MHz, 254.79 W, 100 %, 9632 MiB
2026/09/19 10:29:39.349, 68, 2835 MHz, 253.54 W, 100 %, 9632 MiB
2026/09/19 10:29:40.349, 68, 2835 MHz, 240.90 W, 100 %, 9632 MiB
2026/09/19 10:29:41.350, 68, 2835 MHz, 254.89 W, 100 %, 9632 MiB
2026/09/19 10:29:42.350, 68, 2835 MHz, 253.25 W, 100 %, 9632 MiB
2026/09/19 10:29:43.350, 68, 2835 MHz, 251.25 W, 100 %, 9632 MiB
2026/09/19 10:29:44.350, 70, 2805 MHz, 251.43 W, 99 %, 9632 MiB
2026/09/19 10:29:45.350, 67, 2835 MHz, 235.91 W, 100 %, 9632 MiB
2026/09/19 10:29:46.350, 67, 2835 MHz, 235.46 W, 100 %, 9632 MiB
2026/09/19 10:29:47.350, 67, 2835 MHz, 235.53 W, 100 %, 9632 MiB
2026/09/19 10:29:48.351, 67, 2835 MHz, 235.34 W, 100 %, 9632 MiB
2026/09/19 10:29:49.351, 69, 2835 MHz, 245.91 W, 100 %, 9632 MiB
2026/09/19 10:29:50.351, 69, 2835 MHz, 251.12 W, 100 %, 9632 MiB
2026/09/19 10:29:51.351, 67, 2835 MHz, 233.31 W, 100 %, 9632 MiB
2026/09/19 10:29:52.351, 67, 2835 MHz, 235.64 W, 100 %, 9632 MiB
2026/09/19 10:29:53.351, 67, 2835 MHz, 235.55 W, 100 %, 9632 MiB
2026/09/19 10:29:54.351, 67, 2835 MHz, 235.78 W, 100 %, 9632 MiB
2026/09/19 10:29:55.352, 69, 2835 MHz, 250.04 W, 100 %, 9632 MiB
2026/09/19 10:29:56.352, 69, 2835 MHz, 251.37 W, 100 %, 9632 MiB
2026/09/19 10:29:57.352, 67, 2835 MHz, 229.45 W, 100 %, 9632 MiB
2026/09/19 10:29:58.352, 67, 2835 MHz, 236.08 W, 100 %, 9632 MiB
2026/09/19 10:29:59.352, 67, 2835 MHz, 235.96 W, 100 %, 9632 MiB
2026/09/19 10:30:00.352, 68, 2835 MHz, 237.80 W, 100 %, 9632 MiB
2026/09/19 10:30:01.352, 70, 2835 MHz, 252.12 W, 100 %, 9632 MiB
2026/09/19 10:30:02.353, 64, 2835 MHz, 241.12 W, 100 %, 9632 MiB
2026/09/19 10:30:03.353, 67, 2835 MHz, 229.49 W, 100 %, 9632 MiB
2026/09/19 10:30:04.353, 68, 2835 MHz, 235.96 W, 100 %, 9632 MiB
2026/09/19 10:30:05.353, 68, 2835 MHz, 235.97 W, 100 %, 9632 MiB
2026/09/19 10:30:06.353, 69, 2835 MHz, 241.67 W, 100 %, 9632 MiB
2026/09/19 10:30:07.353, 71, 2835 MHz, 252.40 W, 99 %, 9632 MiB
2026/09/19 10:30:08.353, 68, 2835 MHz, 236.52 W, 100 %, 9632 MiB
2026/09/19 10:30:09.354, 68, 2835 MHz, 236.28 W, 100 %, 9632 MiB
2026/09/19 10:30:10.354, 68, 2835 MHz, 236.23 W, 100 %, 9632 MiB
2026/09/19 10:30:11.354, 68, 2835 MHz, 236.33 W, 100 %, 9632 MiB
2026/09/19 10:30:12.354, 70, 2835 MHz, 246.40 W, 100 %, 9632 MiB
2026/09/19 10:30:13.354, 70, 2805 MHz, 252.21 W, 100 %, 9632 MiB
2026/09/19 10:30:14.354, 68, 2835 MHz, 232.88 W, 100 %, 9632 MiB
2026/09/19 10:30:15.354, 68, 2835 MHz, 236.31 W, 100 %, 9632 MiB
2026/09/19 10:30:16.355, 68, 2835 MHz, 236.44 W, 100 %, 9632 MiB
2026/09/19 10:30:17.355, 68, 2835 MHz, 236.59 W, 100 %, 9632 MiB
2026/09/19 10:30:18.355, 70, 2820 MHz, 249.32 W, 100 %, 9632 MiB
2026/09/19 10:30:19.355, 71, 2835 MHz, 251.28 W, 100 %, 9632 MiB
2026/09/19 10:30:20.355, 70, 2820 MHz, 253.88 W, 100 %, 9632 MiB
2026/09/19 10:30:21.355, 70, 2835 MHz, 255.39 W, 100 %, 9632 MiB
2026/09/19 10:30:22.355, 70, 2790 MHz, 255.40 W, 99 %, 9632 MiB
2026/09/19 10:30:23.356, 70, 2820 MHz, 256.40 W, 100 %, 9632 MiB
2026/09/19 10:30:24.356, 72, 2775 MHz, 255.60 W, 100 %, 9632 MiB
2026/09/19 10:30:25.356, 71, 2775 MHz, 257.99 W, 100 %, 9632 MiB
2026/09/19 10:30:26.356, 68, 2835 MHz, 228.77 W, 100 %, 9632 MiB
2026/09/19 10:30:27.356, 68, 2835 MHz, 225.97 W, 100 %, 9632 MiB
2026/09/19 10:30:28.356, 68, 2835 MHz, 225.97 W, 100 %, 9632 MiB
2026/09/19 10:30:29.356, 68, 2835 MHz, 225.87 W, 100 %, 9632 MiB
2026/09/19 10:30:30.357, 70, 2835 MHz, 241.27 W, 100 %, 9632 MiB
2026/09/19 10:30:31.357, 72, 2835 MHz, 252.96 W, 100 %, 9632 MiB
2026/09/19 10:30:32.357, 71, 2835 MHz, 252.41 W, 100 %, 9632 MiB
2026/09/19 10:30:33.357, 70, 2820 MHz, 254.51 W, 100 %, 9632 MiB
2026/09/19 10:30:34.357, 70, 2820 MHz, 254.70 W, 100 %, 9632 MiB
2026/09/19 10:30:35.357, 71, 2820 MHz, 254.25 W, 99 %, 9632 MiB
2026/09/19 10:30:36.357, 71, 2820 MHz, 257.23 W, 100 %, 9632 MiB
2026/09/19 10:30:37.358, 72, 2775 MHz, 257.06 W, 100 %, 9632 MiB
2026/09/19 10:30:38.358, 68, 2835 MHz, 238.45 W, 100 %, 9632 MiB
2026/09/19 10:30:39.358, 68, 2835 MHz, 226.12 W, 100 %, 9632 MiB
2026/09/19 10:30:40.358, 68, 2835 MHz, 225.89 W, 100 %, 9632 MiB
2026/09/19 10:30:41.358, 68, 2835 MHz, 225.83 W, 100 %, 9632 MiB
2026/09/19 10:30:42.358, 70, 2835 MHz, 233.97 W, 99 %, 9632 MiB
2026/09/19 10:30:43.358, 70, 2835 MHz, 253.38 W, 99 %, 9632 MiB
2026/09/19 10:30:44.359, 72, 2820 MHz, 253.65 W, 100 %, 9632 MiB
2026/09/19 10:30:45.359, 70, 2820 MHz, 252.61 W, 99 %, 9632 MiB
2026/09/19 10:30:46.359, 70, 2820 MHz, 254.26 W, 100 %, 9632 MiB
2026/09/19 10:30:47.359, 73, 2775 MHz, 254.70 W, 100 %, 9632 MiB
2026/09/19 10:30:48.359, 73, 2775 MHz, 257.04 W, 100 %, 9632 MiB
2026/09/19 10:30:49.359, 71, 2820 MHz, 258.17 W, 99 %, 9632 MiB
2026/09/19 10:30:50.359, 68, 2835 MHz, 245.51 W, 100 %, 9632 MiB
2026/09/19 10:30:51.360, 68, 2835 MHz, 222.82 W, 100 %, 9632 MiB
2026/09/19 10:30:52.360, 68, 2835 MHz, 226.47 W, 100 %, 9632 MiB
2026/09/19 10:30:53.360, 68, 2835 MHz, 226.22 W, 100 %, 9632 MiB
2026/09/19 10:30:54.360, 69, 2835 MHz, 227.62 W, 100 %, 9632 MiB
2026/09/19 10:30:55.360, 71, 2835 MHz, 252.86 W, 100 %, 9632 MiB
2026/09/19 10:30:56.360, 70, 2835 MHz, 251.71 W, 100 %, 9632 MiB
2026/09/19 10:30:57.360, 70, 2820 MHz, 253.73 W, 100 %, 9632 MiB
2026/09/19 10:30:58.361, 71, 2820 MHz, 252.68 W, 99 %, 9632 MiB
2026/09/19 10:30:59.361, 71, 2820 MHz, 254.54 W, 100 %, 9632 MiB
2026/09/19 10:31:00.361, 71, 2805 MHz, 255.98 W, 100 %, 9632 MiB
2026/09/19 10:31:01.361, 72, 2820 MHz, 257.21 W, 100 %, 9632 MiB
2026/09/19 10:31:02.361, 73, 2775 MHz, 257.09 W, 100 %, 9632 MiB
2026/09/19 10:31:03.361, 68, 2835 MHz, 225.50 W, 100 %, 9632 MiB
2026/09/19 10:31:04.361, 68, 2835 MHz, 226.12 W, 100 %, 9632 MiB
2026/09/19 10:31:05.362, 68, 2835 MHz, 226.08 W, 100 %, 9632 MiB
2026/09/19 10:31:06.362, 68, 2835 MHz, 226.22 W, 100 %, 9632 MiB
2026/09/19 10:31:07.362, 71, 2835 MHz, 246.20 W, 99 %, 9632 MiB
2026/09/19 10:31:08.362, 71, 2835 MHz, 250.91 W, 100 %, 9632 MiB
2026/09/19 10:31:09.362, 71, 2820 MHz, 253.90 W, 100 %, 9632 MiB
2026/09/19 10:31:10.362, 71, 2820 MHz, 253.75 W, 100 %, 9632 MiB
2026/09/19 10:31:11.362, 71, 2820 MHz, 254.80 W, 99 %, 9632 MiB
2026/09/19 10:31:12.363, 71, 2820 MHz, 255.62 W, 100 %, 9632 MiB
2026/09/19 10:31:13.363, 72, 2790 MHz, 255.54 W, 100 %, 9632 MiB
2026/09/19 10:31:14.363, 71, 2820 MHz, 258.58 W, 100 %, 9632 MiB
2026/09/19 10:31:15.363, 69, 2835 MHz, 231.85 W, 100 %, 9632 MiB
2026/09/19 10:31:16.363, 68, 2835 MHz, 226.62 W, 100 %, 9632 MiB
2026/09/19 10:31:17.363, 68, 2835 MHz, 226.36 W, 100 %, 9632 MiB
2026/09/19 10:31:18.363, 68, 2835 MHz, 226.35 W, 100 %, 9632 MiB
2026/09/19 10:31:19.364, 71, 2835 MHz, 239.47 W, 100 %, 9632 MiB
2026/09/19 10:31:20.364, 70, 2820 MHz, 253.25 W, 100 %, 9632 MiB
2026/09/19 10:31:21.364, 72, 2820 MHz, 252.27 W, 100 %, 9632 MiB
2026/09/19 10:31:22.364, 71, 2820 MHz, 256.14 W, 100 %, 9632 MiB
2026/09/19 10:31:23.364, 71, 2820 MHz, 256.11 W, 100 %, 9632 MiB
2026/09/19 10:31:24.364, 71, 2820 MHz, 255.98 W, 100 %, 9632 MiB
2026/09/19 10:31:25.364, 72, 2820 MHz, 258.93 W, 100 %, 9632 MiB
2026/09/19 10:31:26.365, 73, 2775 MHz, 258.95 W, 100 %, 9632 MiB
2026/09/19 10:31:27.365, 69, 2835 MHz, 242.70 W, 100 %, 9632 MiB
2026/09/19 10:31:28.365, 68, 2835 MHz, 226.83 W, 100 %, 9632 MiB
2026/09/19 10:31:29.365, 68, 2835 MHz, 226.49 W, 100 %, 9632 MiB
2026/09/19 10:31:30.365, 68, 2835 MHz, 226.24 W, 100 %, 9632 MiB
2026/09/19 10:31:31.365, 56, 2835 MHz, 181.47 W, 10 %, 1284 MiB
2026/09/19 10:31:32.365, 54, 2835 MHz, 61.29 W, 24 %, 3374 MiB
2026/09/19 10:31:33.366, 53, 2625 MHz, 55.69 W, 21 %, 5428 MiB
2026/09/19 10:31:34.366, 52, 2625 MHz, 46.52 W, 23 %, 7450 MiB
2026/09/19 10:31:35.366, 53, 2625 MHz, 46.07 W, 22 %, 9640 MiB
2026/09/19 10:31:36.366, 68, 2820 MHz, 212.71 W, 100 %, 9640 MiB
2026/09/19 10:31:37.366, 69, 2820 MHz, 258.71 W, 100 %, 9640 MiB
2026/09/19 10:31:38.366, 69, 2820 MHz, 258.33 W, 100 %, 9640 MiB
2026/09/19 10:31:39.366, 70, 2820 MHz, 244.70 W, 100 %, 9640 MiB
2026/09/19 10:31:40.366, 70, 2820 MHz, 260.00 W, 100 %, 9640 MiB
2026/09/19 10:31:41.367, 70, 2820 MHz, 259.35 W, 100 %, 9640 MiB
2026/09/19 10:31:42.367, 71, 2820 MHz, 246.05 W, 100 %, 9640 MiB
2026/09/19 10:31:43.367, 71, 2820 MHz, 260.90 W, 100 %, 9640 MiB
2026/09/19 10:31:44.367, 71, 2820 MHz, 260.26 W, 100 %, 9640 MiB
2026/09/19 10:31:45.367, 71, 2820 MHz, 246.45 W, 100 %, 9640 MiB
2026/09/19 10:31:46.367, 71, 2820 MHz, 261.75 W, 100 %, 9640 MiB
2026/09/19 10:31:47.368, 71, 2820 MHz, 260.57 W, 100 %, 9640 MiB
2026/09/19 10:31:48.368, 71, 2820 MHz, 245.93 W, 100 %, 9640 MiB
2026/09/19 10:31:49.368, 71, 2820 MHz, 261.83 W, 100 %, 9640 MiB
2026/09/19 10:31:50.368, 71, 2820 MHz, 261.28 W, 100 %, 9640 MiB
2026/09/19 10:31:51.368, 70, 2820 MHz, 246.61 W, 100 %, 9640 MiB
2026/09/19 10:31:52.368, 71, 2820 MHz, 262.13 W, 100 %, 9640 MiB
2026/09/19 10:31:53.368, 71, 2820 MHz, 261.61 W, 100 %, 9640 MiB
2026/09/19 10:31:54.369, 71, 2820 MHz, 258.29 W, 100 %, 9640 MiB
2026/09/19 10:31:55.369, 71, 2820 MHz, 253.74 W, 100 %, 9640 MiB
2026/09/19 10:31:56.369, 66, 2820 MHz, 244.67 W, 100 %, 9640 MiB
2026/09/19 10:31:57.369, 70, 2820 MHz, 232.94 W, 100 %, 9640 MiB
2026/09/19 10:31:58.369, 70, 2820 MHz, 241.28 W, 100 %, 9640 MiB
2026/09/19 10:31:59.369, 70, 2820 MHz, 241.24 W, 100 %, 9640 MiB
2026/09/19 10:32:00.369, 71, 2820 MHz, 246.17 W, 100 %, 9640 MiB
2026/09/19 10:32:01.370, 71, 2805 MHz, 252.58 W, 99 %, 9640 MiB
2026/09/19 10:32:02.370, 69, 2820 MHz, 236.65 W, 100 %, 9640 MiB
2026/09/19 10:32:03.370, 69, 2820 MHz, 241.21 W, 100 %, 9640 MiB
2026/09/19 10:32:04.370, 69, 2820 MHz, 241.14 W, 100 %, 9668 MiB
2026/09/19 10:32:05.370, 70, 2820 MHz, 241.38 W, 100 %, 9688 MiB
2026/09/19 10:32:06.370, 72, 2820 MHz, 251.21 W, 99 %, 9687 MiB
2026/09/19 10:32:07.370, 72, 2820 MHz, 252.91 W, 100 %, 9670 MiB
2026/09/19 10:32:08.371, 70, 2820 MHz, 235.29 W, 100 %, 9670 MiB
2026/09/19 10:32:09.371, 70, 2820 MHz, 244.08 W, 100 %, 9652 MiB
2026/09/19 10:32:10.371, 70, 2820 MHz, 243.78 W, 100 %, 9643 MiB
2026/09/19 10:32:11.371, 70, 2820 MHz, 244.62 W, 100 %, 9643 MiB
2026/09/19 10:32:12.371, 71, 2820 MHz, 253.66 W, 100 %, 9643 MiB
2026/09/19 10:32:13.371, 68, 2820 MHz, 240.61 W, 100 %, 9643 MiB
2026/09/19 10:32:14.371, 70, 2820 MHz, 235.03 W, 100 %, 9643 MiB
2026/09/19 10:32:15.372, 70, 2820 MHz, 242.42 W, 100 %, 9643 MiB
2026/09/19 10:32:16.372, 70, 2820 MHz, 243.30 W, 100 %, 9643 MiB
2026/09/19 10:32:17.372, 72, 2820 MHz, 248.78 W, 100 %, 9643 MiB
2026/09/19 10:32:18.372, 72, 2820 MHz, 253.13 W, 100 %, 9643 MiB
2026/09/19 10:32:19.372, 70, 2820 MHz, 237.11 W, 100 %, 9643 MiB
2026/09/19 10:32:20.372, 70, 2820 MHz, 243.45 W, 100 %, 9643 MiB
2026/09/19 10:32:21.372, 70, 2820 MHz, 242.58 W, 100 %, 9643 MiB
2026/09/19 10:32:22.373, 69, 2820 MHz, 241.39 W, 100 %, 9643 MiB
2026/09/19 10:32:23.373, 71, 2820 MHz, 251.59 W, 100 %, 9643 MiB
2026/09/19 10:32:24.373, 71, 2820 MHz, 252.13 W, 100 %, 9643 MiB
2026/09/19 10:32:25.373, 70, 2820 MHz, 232.89 W, 100 %, 9643 MiB
2026/09/19 10:32:26.373, 70, 2820 MHz, 241.28 W, 100 %, 9643 MiB
2026/09/19 10:32:27.373, 70, 2820 MHz, 241.19 W, 100 %, 9643 MiB
2026/09/19 10:32:28.373, 70, 2820 MHz, 242.14 W, 100 %, 9643 MiB
2026/09/19 10:32:29.374, 71, 2820 MHz, 253.52 W, 100 %, 9643 MiB
2026/09/19 10:32:30.374, 72, 2820 MHz, 252.45 W, 100 %, 9643 MiB
2026/09/19 10:32:31.374, 73, 2820 MHz, 252.11 W, 100 %, 9643 MiB
2026/09/19 10:32:32.374, 73, 2820 MHz, 253.74 W, 100 %, 9643 MiB
2026/09/19 10:32:33.374, 72, 2775 MHz, 256.36 W, 100 %, 9643 MiB
2026/09/19 10:32:34.374, 72, 2790 MHz, 255.79 W, 100 %, 9643 MiB
2026/09/19 10:32:35.374, 74, 2820 MHz, 256.55 W, 100 %, 9643 MiB
2026/09/19 10:32:36.374, 67, 2820 MHz, 249.37 W, 99 %, 9643 MiB
2026/09/19 10:32:37.375, 69, 2835 MHz, 224.26 W, 100 %, 9643 MiB
2026/09/19 10:32:38.375, 69, 2835 MHz, 229.92 W, 100 %, 9643 MiB
2026/09/19 10:32:39.375, 69, 2835 MHz, 229.99 W, 100 %, 9643 MiB
2026/09/19 10:32:40.375, 70, 2835 MHz, 231.10 W, 91 %, 9643 MiB
2026/09/19 10:32:41.375, 71, 2820 MHz, 252.93 W, 100 %, 9643 MiB
2026/09/19 10:32:42.375, 72, 2820 MHz, 252.70 W, 100 %, 9643 MiB
2026/09/19 10:32:43.375, 72, 2820 MHz, 255.25 W, 100 %, 9643 MiB
2026/09/19 10:32:44.376, 72, 2820 MHz, 255.37 W, 99 %, 9637 MiB
2026/09/19 10:32:45.376, 72, 2820 MHz, 257.77 W, 100 %, 9637 MiB
2026/09/19 10:32:46.376, 72, 2820 MHz, 258.12 W, 100 %, 9637 MiB
2026/09/19 10:32:47.376, 74, 2820 MHz, 258.24 W, 100 %, 9637 MiB
2026/09/19 10:32:48.376, 72, 2820 MHz, 260.80 W, 100 %, 9637 MiB
2026/09/19 10:32:49.376, 69, 2820 MHz, 226.57 W, 100 %, 9637 MiB
2026/09/19 10:32:50.376, 69, 2820 MHz, 230.27 W, 100 %, 9637 MiB
2026/09/19 10:32:51.377, 69, 2820 MHz, 230.06 W, 100 %, 9637 MiB
2026/09/19 10:32:52.377, 69, 2820 MHz, 229.97 W, 100 %, 9637 MiB
2026/09/19 10:32:53.377, 72, 2820 MHz, 248.72 W, 100 %, 9637 MiB
2026/09/19 10:32:54.377, 72, 2820 MHz, 251.88 W, 100 %, 9637 MiB
2026/09/19 10:32:55.377, 73, 2820 MHz, 253.99 W, 100 %, 9637 MiB
2026/09/19 10:32:56.377, 72, 2820 MHz, 256.30 W, 100 %, 9637 MiB
2026/09/19 10:32:57.377, 72, 2820 MHz, 255.72 W, 99 %, 9637 MiB
2026/09/19 10:32:58.378, 72, 2820 MHz, 258.76 W, 100 %, 9637 MiB
2026/09/19 10:32:59.378, 74, 2820 MHz, 259.81 W, 100 %, 9637 MiB
2026/09/19 10:33:00.378, 72, 2820 MHz, 260.73 W, 100 %, 9637 MiB
2026/09/19 10:33:01.378, 70, 2835 MHz, 232.79 W, 100 %, 9637 MiB
2026/09/19 10:33:02.378, 69, 2835 MHz, 230.77 W, 100 %, 9637 MiB
2026/09/19 10:33:03.378, 70, 2835 MHz, 230.32 W, 100 %, 9637 MiB
2026/09/19 10:33:04.378, 69, 2835 MHz, 230.20 W, 100 %, 9637 MiB
2026/09/19 10:33:05.379, 71, 2820 MHz, 244.70 W, 100 %, 9637 MiB
2026/09/19 10:33:06.381, 71, 2820 MHz, 252.93 W, 100 %, 9637 MiB
2026/09/19 10:33:07.381, 72, 2820 MHz, 254.96 W, 99 %, 9637 MiB
2026/09/19 10:33:08.381, 73, 2820 MHz, 254.70 W, 100 %, 9637 MiB
2026/09/19 10:33:09.382, 73, 2820 MHz, 257.29 W, 100 %, 9637 MiB
2026/09/19 10:33:10.382, 72, 2820 MHz, 258.36 W, 99 %, 9637 MiB
2026/09/19 10:33:11.382, 74, 2820 MHz, 258.34 W, 100 %, 9637 MiB
2026/09/19 10:33:12.382, 72, 2820 MHz, 259.29 W, 100 %, 9637 MiB
2026/09/19 10:33:13.382, 69, 2835 MHz, 238.08 W, 100 %, 9637 MiB
2026/09/19 10:33:14.382, 69, 2835 MHz, 231.53 W, 100 %, 9637 MiB
2026/09/19 10:33:15.383, 69, 2835 MHz, 230.75 W, 100 %, 9637 MiB
2026/09/19 10:33:16.383, 69, 2835 MHz, 230.33 W, 100 %, 9637 MiB
2026/09/19 10:33:17.383, 71, 2820 MHz, 240.49 W, 100 %, 9637 MiB
2026/09/19 10:33:18.383, 72, 2820 MHz, 252.92 W, 100 %, 9637 MiB
2026/09/19 10:33:19.383, 72, 2820 MHz, 254.09 W, 100 %, 9637 MiB
2026/09/19 10:33:20.383, 72, 2805 MHz, 255.15 W, 100 %, 9637 MiB
2026/09/19 10:33:21.383, 73, 2820 MHz, 257.20 W, 100 %, 9637 MiB
2026/09/19 10:33:22.384, 72, 2820 MHz, 259.22 W, 100 %, 9637 MiB
2026/09/19 10:33:23.384, 72, 2760 MHz, 259.35 W, 99 %, 9637 MiB
2026/09/19 10:33:24.384, 73, 2820 MHz, 259.40 W, 100 %, 9637 MiB
2026/09/19 10:33:25.384, 69, 2835 MHz, 242.80 W, 100 %, 9637 MiB
2026/09/19 10:33:26.384, 69, 2835 MHz, 230.27 W, 100 %, 9637 MiB
2026/09/19 10:33:27.384, 69, 2835 MHz, 230.42 W, 100 %, 9637 MiB
2026/09/19 10:33:28.384, 69, 2835 MHz, 230.07 W, 100 %, 9637 MiB
2026/09/19 10:33:29.384, 70, 2835 MHz, 235.57 W, 99 %, 9637 MiB
2026/09/19 10:33:30.385, 71, 2820 MHz, 252.62 W, 100 %, 9637 MiB
2026/09/19 10:33:31.385, 72, 2820 MHz, 252.48 W, 100 %, 9637 MiB
2026/09/19 10:33:32.385, 73, 2820 MHz, 255.50 W, 100 %, 9637 MiB
2026/09/19 10:33:33.385, 73, 2820 MHz, 256.29 W, 100 %, 9637 MiB
2026/09/19 10:33:34.385, 72, 2790 MHz, 257.92 W, 100 %, 9637 MiB
2026/09/19 10:33:35.385, 72, 2775 MHz, 258.99 W, 100 %, 9637 MiB
2026/09/19 10:33:36.385, 74, 2820 MHz, 258.44 W, 99 %, 9637 MiB
2026/09/19 10:33:37.386, 67, 2820 MHz, 251.47 W, 100 %, 9637 MiB
2026/09/19 10:33:38.386, 69, 2820 MHz, 224.77 W, 100 %, 9637 MiB
2026/09/19 10:33:39.386, 69, 2820 MHz, 230.27 W, 100 %, 9637 MiB
2026/09/19 10:33:40.386, 69, 2820 MHz, 230.02 W, 100 %, 9637 MiB
